Hours of sunlight,max wind speed for the day (km/hr),frequency of tides ,cost 
3,12,2,5.1
4,9,4,5
3,4,5,5.7
4,6,2,5.5
5,7,1,5.1
2,5,5,5.5
1,8,4,5.4
1,2,6,5.8
2,11,6,4.9
3,10,4,5.2
4,7,3,5.3
2,8,2,5.4
2,6,3,5.7
2,4,4,5.6
1,3,2,6
0,8,4,5.4
2,12,3,5
0,5,1,5.8
5,3,7,4.95
2.0,5.0,5.0,5.5711329575043758
5.0,6.0,4.0,5.3011115126625912
1.0,6.0,3.0,5.6541102769079652
4.0,11.0,6.0,4.7486538169783135
